Species,Bird,LargeBird,Fish,Mammal,Include,Unidentified,Common Name,Latin Name,ITIS,NMFS,Comment
AMCO,1,0,0,0,0,0,American Coot,Fulica americana,176292,,
ANMU,1,0,0,0,1,0,Ancient Murrelet,Synthliboramphus antiquus,177008,MUAN,
ARLO,1,0,0,0,1,0,Arctic Loon,Gavia arctica,174471,LOAR,
ARTE,1,0,0,0,1,0,Arctic Tern,Sterna paradisaea,176890,TEAR,
ASSP,1,0,0,0,1,0,Ashy Storm-Petrel,Oceanodroma homochroa,174634,SPAS,
AWPE,1,0,0,0,1,0,American White Pelican,Pelecanus erythrorhynchos,174684,,
BASH,0,0,1,0,0,0,Basking Shark,Cetorhinus maximus,159907,,
BBWH,0,0,0,1,1,0,Baird's Beaked Whale,Berardius bairdii,180496,,
BFAL,1,1,0,0,1,0,Black-Footed Albatross,Phoebastria nigripes,554379,ALBB,
BLKI,1,0,0,0,1,0,Black-Legged Kittiwake,Rissa tridactyla,176875,KIBL,
BLOY,1,0,0,0,0,0,Black Oystercatcher,Haematopus bachmani,176475,,
BLSC,1,0,0,0,1,0,Black Scoter,Melanitta nigra,175171,,
BLSH,0,0,1,0,0,0,Blue Shark,Prionace glauca,160424,,
BLSK,1,0,0,0,0,0,Black Skimmer,Rynchops niger,554447,SKBL,
BLSP,1,0,0,0,1,0,Black Storm-Petrel,Oceanodroma melania,174640,SPBL,
BLTE,1,0,0,0,0,0,Black Tern,Chlidonias niger,176959,TEBL,
BLTU,1,0,0,0,0,0,Black Turnstone,Arenaria melanocephala,176574,,
BLWH,0,0,0,1,1,0,Blue Whale,Balaenoptera musculus,180528,BAMU,
BODO,0,0,0,1,1,0,Bottlenose Dolphin,Tursiops truncatus,180426,TUTR,
BOGU,1,0,0,0,1,0,Bonaparte's Gull,Larus philadelphia,176839,GUBO,
BRAC,1,0,0,0,1,0,Brandt's Cormorant,Phalacrocorax penicillatus,174724,COBR,
BRAN,1,0,0,0,1,0,Brant,Branta bernicla,175011,,
BRBO,1,1,0,0,1,0,Brown Booby,Sula leucogaster,174704,BOBR,
BRNO,1,0,0,0,1,0,Brown Noddy,Anous stolidus,176941,NOBR,
BRPE,1,0,0,0,1,0,Brown Pelican,Pelecanus occidentalis,174685,PEBR,
BRSP,1,0,0,0,0,0,Brewer's Sparrow,Spizella breweri,179440,,
BUFF,1,0,0,0,0,0,Bufflehead,Bucephala albeola,175145,,
BULS,1,0,0,0,1,0,Buller's Shearwater,Puffinus bulleri,174552,SHNZ,
BVSH,1,0,0,0,1,0,Black-Vented Shearwater,Puffinus opisthomelas,554396,SHBV,
CAAU,1,0,0,0,1,0,Cassin's Auklet,Ptychoramphus aleuticus,177013,AUCA,
CAGU,1,0,0,0,1,0,California Gull,Larus californicus,176829,GUCA,
CASL,0,0,0,1,1,0,California Sea Lion,Zalophus californianus,180621,ZACA,
CATE,1,0,0,0,1,0,Caspian Tern,Sterna caspia,176924,TECA,
CBWH,0,0,0,1,1,0,Cuvier's Beaked Whale,Ziphius cavirostris,180498,ZICA,
CLGR,1,0,0,0,1,0,Clark's Grebe,Aechmophorus clarkii,554027,,
CODO,0,0,0,1,1,0,Common Dolphin,Delphinus delphis,180438,DEDE,
COLO,1,0,0,0,1,0,Common Loon,Gavia immer,174469,LOCO,
COMU,1,0,0,0,1,0,Common Murre,Uria aalge,176974,MUCO,
COPE,1,0,0,0,1,0,Cook's Petrel,Pterodroma cookii,554395,PECO,
COTE,1,0,0,0,1,0,Common Tern,Sterna hirundo,176888,TECO,
CRMU,1,0,0,0,1,0,Craveri's Murrelet,Synthliboramphus craveri,177010,MUCR,
CSLI,0,0,0,1,1,0,California Sea Lion,Zalophus californianus,180621,ZACA,
DAPO,0,0,0,1,1,0,Dall's Porpoise,Phocoenoides dalli,180480,,
DCCO,1,0,0,0,1,0,Double-Crested Cormorant,Phalacrocorax auritus,174717,CODC,
DKSH,1,0,0,0,1,0,Dark Shearwater,(species group),,,
DOWI,1,0,0,0,0,1,Unidentified Dowitcher,,,,
DRPE,1,0,0,0,1,0,Dark-Rumped Petrel,Pterodroma phaeopygia sandwichensis,202225,PEDR,
EAGR,1,0,0,0,1,0,Eared Grebe,Podiceps nigricollis,174485,,
ELTE,1,0,0,0,1,0,Elegant Tern,Sterna elegans,176925,TEEL,
EUST,1,0,0,0,0,0,European Starling,Sturnus vulgaris ,179637,,
FFSH,1,0,0,0,1,0,Flesh-Footed Shearwater,Puffinus carneipes,174548,SHFF,
FIWH,0,0,0,1,1,0,Fin Whale,Balaenoptera physalus,180527,BAPH,
FKWH,0,0,0,1,1,0,False Killer Whale,Pseudorca crassidens,180463,PSCR,
FOTE,1,0,0,0,1,0,Forster's Tern,Sterna forsteri,176887,TEFO,
FRGU,1,0,0,0,1,0,Franklin's Gull,Larus pipixcan,176838,GUFR,
FTSP,1,0,0,0,1,0,Fork-Tailed Storm-Petrel,Oceanodroma furcata,174625,SPFT,
GBHE,1,0,0,0,0,0,Great Blue Heron,Ardea herodias,174773,,
GFSE,0,0,0,1,1,0,Guadelupe Fur Seal,Arctocephalus townsendi,180636,ARTO,
GLGU,1,0,0,0,1,0,Glaucous Gull,Larus hyperboreus,176808,GUGL,
GREG,1,0,0,0,0,0,Great Egret,Ardea alba,554135,,
GRHE,1,0,0,0,0,0,Green Heron,Butorides virescens,174793,,
GRTU,0,0,0,1,1,0,Green Sea Turtle,Chelonia mydas,173833,,
GRWH,0,0,0,1,1,0,Gray Whale,Eschrichtius robustus,180521,,
GWGU,1,0,0,0,1,0,Glaucous-Winged Gull,Larus glaucescens,176814,GUGW,
HAPE,1,0,0,0,1,0,Hawaiian Petrel,Pterodroma sandwichensis,562561,,
HAPO,0,0,0,1,1,0,Harbor Porpoise,Phocoena phocoena,180473,,
HASE,0,0,0,1,1,0,Harbor Seal,Phoca vitulina,180649,PHVI,
HASH,0,0,1,0,0,0,Hammerhead Shark,Sphyrna spp.,160499,,
HATU,0,0,0,1,0,0,Hawksbill Sea Turtle,Eretmochelys imbricata,173836,TUHA,
HEEG,1,0,0,0,1,0,Heermann's Gull,Larus heermanni,176841,GUHE,
HERG,1,0,0,0,1,0,Herring Gull,Larus argentatus,176824,GUHR,
HOPU,1,0,0,0,1,0,Horned Puffin,Fratercula corniculata,177029,PUHO,
HUWH,0,0,0,1,1,0,Humpback Whale,Megaptera novaeangliae,180530,MENO,
HYGU,1,0,0,0,1,0,Hybrid Gull,(species group),,,
JFPE,1,0,0,0,1,0,Juan Fernandez Petrel,Pterodroma externa,174574,PEJF,
KEGU,1,0,0,0,1,0,Kelp Gull,Larus dominicanus,176849,GUKE,
KIWH,0,0,0,1,1,0,Killer Whale,Orcinus orca,180469,OROR,
KRPE,1,0,0,0,1,0,Kermadec Petrel,Pterodroma neglecta,174573,PEKE,
LAAL,1,1,0,0,1,0,Laysan Albatross,Phoebastria immutabilis,554378,ALLA,
LAGU,1,0,0,0,1,0,Laughing Gull,Larus atricilla,176837,GULA,
LBCD,0,0,0,1,1,0,Long-beaked Common Dolphin,Delphinus capensis,555654,DECA,
LBCU,1,0,0,0,0,0,Long-billed Curlew,Numenius americanus,176593,,
LBDO,1,0,0,0,0,0,Long-billed Dowitcher,Limnodromus scolopaceus,176679,,
LESA,1,0,0,0,0,0,Least Sandpiper,Calidris minutilla,176656,,
LETE,1,0,0,0,1,0,Least Tern,Sterna antillarum,176923,TELE,
LETU,0,0,0,1,0,0,Leatherback Turtle,Dermochelys coriacea,173843,TULE,
LHSP,1,0,0,0,1,0,Leach's Storm-Petrel,Oceanodroma leucorhoa,174628,SPLE,
LTJA,1,0,0,0,1,0,Long-Tailed Jaeger,Stercorarius longicaudus,176794,JALT,
LTSP,1,0,0,0,1,0,Least Storm-Petrel,Oceanodroma microsoma,174646,SPLS,
MAGO,1,0,0,0,0,0,Marbled Godwit,Limosa fedoa,176686,,
MAKO,0,0,1,0,0,0,Mako Shark,Isurus oxyrinchus,159924,,
MALL,1,0,0,0,0,0,Mallard Duck,Anas platyrhynchos,175063,,
MAMU,1,0,0,0,1,0,Marbled Murrelet,Brachyramphus marmoratus,176996,MUMA,
MEGU,1,0,0,0,1,0,Mew Gull,Larus canus,176832,GUME,
MIWH,0,0,0,1,1,0,Minke Whale,Balaenoptera acutorostrata,180524,BAAC,
MODO,1,0,0,0,0,0,Mourning Dove,Zenaida macroura,177125,MOLA,
MOLA,0,0,1,0,0,0,Mola Mola,Mola mola,173414,,
MOPE,1,0,0,0,1,0,Mottled Petrel,Pterodroma inexpectata,174569,PEMO,
MUPE,1,0,0,0,1,0,Murphy's Petrel,Pterodroma ultima,174592,PEMU,
NESE,0,0,0,1,1,0,Northern Elephant Seal,Mirounga angustirostris,180672,MIAN,
NFSE,0,0,0,1,1,0,Northern Fur Seal,Callorhinus ursinus,180627,CAUR,
NOFU,1,0,0,0,1,0,Northern Fulmar,Fulmarus glacialis,174536,FUNO,
NRWD,0,0,0,1,1,0,Northern Right Whale Dolphin,Lissodelphis borealis,180454,LIBO,
OSPR,1,0,0,0,1,0,Osprey,Pandion haliaetus,175590,,
PAAU,1,0,0,0,1,0,Parakeet Auklet,Aethia psittacula,554029,AUPA,
PAJA,1,0,0,0,1,0,Parasitic Jaeger,Stercorarius parasiticus,176793,JAPA,
PALO,1,0,0,0,1,0,Pacific Loon,Gavia pacifica,174475,LOPA,
PAPE,1,0,0,0,1,0,Parkinson's Petrel,Procellaria parkinsoni,174611,PEPA,
PECO,1,0,0,0,1,0,Pelagic Cormorant,Phalacrocorax pelagicus,174725,COPE,
PEFA,1,0,0,0,1,0,Peregrine Falcon,Falco peregrinus,175604,,
PFSH,1,0,0,0,1,0,Pink-Footed Shearwater,Puffinus creatopus,174547,SHPF,
PIGU,1,0,0,0,1,0,Pigeon Guillemot,Cepphus columba,176991,GUPI,
PIWH,0,0,0,1,1,0,Pilot Whale,Globicephala spp.,180464,GLSP,
POJA,1,0,0,0,1,0,Pomarine Jaeger,Stercorarius pomarinus,176792,JAPO,
PSWH,0,0,0,1,1,0,Pygmy Sperm Whale,Kogia breviceps,180491,KOBR,
PWSD,0,0,0,1,1,0,Pacific White-Sided Dolphin,Lagenorhynchus obliquidens,180444,LAOB,
RBGU,1,0,0,0,1,0,Ring-Billed Gull,Larus delawarensis,176830,GURB,
RBME,1,0,0,0,0,0,Red-Breasted Merganser,Mergus serrator,175187,,
RBTR,1,0,0,0,1,0,Red-Billed Tropicbird,Phaethon aethereus,174673,TBRB,
REPH,1,0,0,0,1,0,Red Phalarope,Phalaropus fulicaria,554376,PHRE,
RFBO,1,0,0,0,1,0,Red-Footed Booby,Sula sula,174707,BORF,
RHAU,1,0,0,0,1,0,Rhinoceros Auklet,Cerorhinca monocerata,177023,AURH,
RIDO,0,0,0,1,1,0,Risso's Dolphin,Grampus griseus,180457,GRGR,
RITU,0,0,0,1,1,0,Ridley Sea Turtle,Lepidochelys olivacea,173840,TUOR,
RNGR,1,0,0,0,1,0,Red-Necked Grebe,Podiceps grisegena,174479,,
RNPH,1,0,0,0,1,0,Red-Necked Phalarope,Phalaropus lobatus,176735,PHNO,
ROYT,1,0,0,0,1,0,Royal Tern,Sterna maxima,176922,TERO,
RTLO,1,0,0,0,1,0,Red-Throated Loon,Gavia stellata,174474,LORT,
RTTR,1,0,0,0,1,0,Red-Tailed Tropicbird,Pheathon rubricauda,174679,TBRT,
RUDU,1,0,0,0,0,0,Ruddy Duck,Oxyura jamaicensis,175175,,
RUTU,1,0,0,0,1,0,Ruddy Turnstone,Arenaria interpres,176571,,
SAGU,1,0,0,0,1,0,Sabine's Gull,Larus sabini,176865,GUSA,
SAND,1,0,0,0,0,0,Sanderling,Calidris alba,176669,,
SBCD,0,0,0,1,1,0,Short-Beaked Common Dolphin,Delphinus delphis,180438,DEDE,
SEOT,0,0,0,1,1,0,Sea Otter,Enhydra lutris,180547,,
SEWH,0,0,0,1,1,0,Sei Whale,Balaenoptera borealis,180526,BABO,
SFPW,0,0,0,1,1,0,Short-Finned Pilot Whale,Globicephala macrorhynchus,180466,GLMA,
SHAR,0,0,1,0,0,1,Unidentified Shark,,,,
SHOS,1,0,0,0,1,0,Short-Tailed / Slender-Billed Shearwater,Puffinus tenuirostris,174554,SHSB,
SNEG,1,0,0,0,0,0,Snowy Egret,Egretta thula,174813,,
SNGO,1,0,0,0,0,0,Snow Goose,Chen caerulescens,175038,,
SOPE,1,0,0,0,1,0,Solander's Petrel,Pterodroma solandri,174581,PESO,
SOSH,1,0,0,0,1,0,Sooty Shearwater,Puffinus griseus,174553,SHSO,
SPSK,1,0,0,0,1,0,South Polar Skua,Stercorarius maccormicki,660062,SKSP,
SPWH,0,0,0,1,1,0,Sperm Whale,Physeter macrocephalus,180488,PHMA,
STAL,1,0,0,0,1,0,Short-Tailed Albatross,Phoebastria albatrus,554377,ALST,
STDO,0,0,0,1,1,0,Striped Dolphin,Stenella coeruleoalba,180434,STCO,
STPE,1,0,0,0,1,0,Stejneger's Petrel,Pterodroma longirostris,174582,PEST,
STSL,0,0,0,1,1,0,Steller Sea Lion,Eumetopias jubatus,180625,EUJU,
SUSC,1,0,0,0,1,0,Surf Scoter,Melanitta perspicillata,175170,,
THGU,1,0,0,0,1,0,Thayer's Gull,Larus thayeri,176828,GUTH,
TUPU,1,0,0,0,1,0,Tufted Puffin,Fratercula cirrhata,177032,PUTU,
UMAM,0,0,0,1,0,1,Unidentified Mammal,,,,
UNAL,1,1,0,0,1,1,Unidentified Albatross,(species group),,ALSP,
UNAU,1,0,0,0,1,1,Unidentified Auklet,(species group),,,
UNBA,0,0,0,1,1,1,Unidentified Baleinoptera,,,,
UNBE,0,0,0,1,1,1,Unidentified Beaked Whale,,,,
UNBI,1,0,0,0,0,1,Unidentified Bird,,,UNID,
UNCE,0,0,0,1,1,1,Unidentified Cetacean,,,,
UNCO,1,0,0,0,1,1,Unidentified Cormorant,(species group),,CORM,
UNDO,0,0,0,1,1,1,Unidentified Dolphin,,,UNDO,
UNDU,1,0,0,0,1,1,Unidentified Duck,(species group),,DUCK,
UNFI,0,0,1,0,0,0,Unidentified Fish,(species group),,,
UNGO,1,0,0,0,0,1,Unidentified Goose,,,,
UNGR,1,0,0,0,1,1,Unidentified Grebe,(species group),,GREB,
UNGU,1,0,0,0,1,1,Unidentified Gull,(species group),,GULL,
UNHU,1,0,0,0,0,1,Unidentified Hummingbird,,,,
UNJA,1,0,0,0,1,1,Unidentified Jaeger,(species group),,JAEG,
UNLA,1,0,0,0,1,1,Unidentified Large Alcid,(species group),,,
UNLO,1,0,0,0,1,1,Unidentified Loon,(species group),,LOON,
UNLW,0,0,0,1,1,1,Unidentified Large Whale,,,UNLW,
UNMU,1,0,0,0,1,1,Unidentified Murre,(species group),,,
UNPA,1,0,0,0,0,1,Unidentified Passerine,,,,
UNPC,1,0,0,0,1,1,Unidentified Procellarid,(species group),,PROC,
UNPE,1,0,0,0,1,1,Unidentified Petrel,(species group),,,
UNPH,1,0,0,0,1,1,Unidentified Phalarope,(species group),,PHAL,
UNPI,0,0,0,1,1,1,Unidentified Pinniped,,,PINN,
UNSA,1,0,0,0,1,1,Unidentified Small Alcid,(species group),,,
UNSB,1,0,0,0,0,1,Unidentified Shorebird,,,,
UNSE,0,0,0,1,1,1,Unidentified Seal,,,,
UNSH,1,0,0,0,1,1,Unidentified Shearwater,(species group),,SHSP,
UNSK,1,0,0,0,1,1,Unidentified Skua,(species group),,SKUA,
UNSL,0,0,0,1,1,1,Unidentified Sea Lion,,,,
UNSP,1,0,0,0,1,1,Unidentified Storm-Petrel,(species group),,SPSP,
UNTE,1,0,0,0,1,1,Unidentified Tern,(species group),,TERN,
UNTR,1,0,0,0,1,1,Unidentified Tropicbird,(species group),,TROP,
UNTU,0,0,0,1,0,1,Unidentified Turtle,,,TURT,
UNWH,0,0,0,1,1,1,Unidentified Whale,,,UNWH,
WEGR,1,0,0,0,1,0,Western Grebe,Aechmophorus occidentalis,174503,,
WEGU,1,0,0,0,1,0,Western Gull,Larus occidentalis,176817,GUWE,
WESA,1,0,0,0,0,0,Western Sandpiper,Calidris mauri,176668,,
WHIM,1,0,0,0,0,0,Whimbrel,Numenius phaeopus,176599,,
WILL,1,0,0,0,0,0,Willet,Catoptrophorus semipalmatus,176638,,
WISP,1,0,0,0,1,0,Wilson's Storm-Petrel,Oceanites oceanicus,174650,SPWI,
WRSP,1,0,0,0,1,0,Wedge-Rumped Storm-Petrel,Oceanodroma tethys,174638,SPGA,
WTSH,1,0,0,0,1,0,Wedge-Tailed Shearwater,Puffinus pacificus,174550,SHWT,
WWSC,1,0,0,0,0,0,White-Winged Scoter,Melanitta fusca,175163,,
XAMU,1,0,0,0,1,0,Xantus's Murrelet,Synthliboramphus hypoleucus,177011,MUXA,
XCMU,1,0,0,0,1,0,Xantus's / Craveri's Murrelet,(species group),,MUXC,
YRWA,1,0,0,0,0,0,Yellow-Rumped Warbler,Dendroica coronata,178891,,
